id;annotator;tablename;position;question;answer
ds0003;Zaki;angka_harapan_hidup_provinsi_indonesia;0;since 2020 what is the life expectancy for Perempuan in ACEH?;['71.09', '71.16', '71.22', '71.3', '71.34', '71.49', '71.52', '71.55', '71.67', '71.85', '71.91', '71.94', '72.16']
ds0003;Zaki;angka_harapan_hidup_provinsi_indonesia;1;what is the life expectancy of Perempuan in ACEH in 2020?;['71.91']
ds0003;Zaki;angka_harapan_hidup_provinsi_indonesia;1;what is the life expectancy in 2018 for Perempuan?;['71.67']
ds0003;Zaki;angka_harapan_hidup_provinsi_indonesia;1;Perempuan life expectancy in 2017?;['71.55']
ds0003;Zaki;angka_harapan_hidup_provinsi_indonesia;1;what is the life expectancy in 2016 for Perempuan?;['71.52']
ds0003;Zaki;angka_harapan_hidup_provinsi_indonesia;1;what is the life expectancy of Perempuan in ACEH in 2012?;['71.22']
ds0003;Zaki;angka_harapan_hidup_provinsi_indonesia;1;Perempuan life expectancy in 2010?;['71.09']
ds0003;Zaki;angka_harapan_hidup_provinsi_indonesia;1;from 2020 what is the expected life of Perempuan in SUMATERA BARAT?;['69.58', '69.78', '69.99', '70.2', '70.31', '70.64', '70.65', '70.7', '70.93', '71.29', '71.45', '71.57', '71.89']
ds0003;Zaki;angka_harapan_hidup_provinsi_indonesia;1;what is the life expectancy of Perempuan in SUMATERA BARAT in Provinsi?;['SUMATERA BARAT']
ds0003;Zaki;angka_harapan_hidup_provinsi_indonesia;1;Perempuan life expectancy in 2022?;['71.89']
ds0003;Zaki;angka_harapan_hidup_provinsi_indonesia;1;Perempuan life expectancy in 2021?;['71.57']
ds0003;Zaki;angka_harapan_hidup_provinsi_indonesia;1;what is the life expectancy in 2015 for Perempuan?;['70.64']
ds0003;Zaki;angka_harapan_hidup_provinsi_indonesia;1;what is the life expectancy of Perempuan in SUMATERA BARAT in 2013?;['70.2']
ds0003;Zaki;angka_harapan_hidup_provinsi_indonesia;1;what is the life expectancy of Perempuan in SUMATERA BARAT in 2012?;['69.99']
ds0003;Zaki;angka_harapan_hidup_provinsi_indonesia;1;what is the life expectancy of Perempuan in SUMATERA BARAT in 2011?;['69.78']
ds0003;Zaki;angka_harapan_hidup_provinsi_indonesia;1;what is the life expectancy of Perempuan living in JAMBI since 2020?;['71.88', '72.03', '72.18', '72.33', '72.41', '72.54', '72.62', '72.67', '72.8', '72.97', '73.07', '73.19', '73.49']
ds0003;Zaki;angka_harapan_hidup_provinsi_indonesia;1;what is the life expectancy in Provinsi for Perempuan?;['JAMBI']
ds0003;Zaki;angka_harapan_hidup_provinsi_indonesia;1;what is the life expectancy in 2021 for Perempuan?;['73.19']
ds0003;Zaki;angka_harapan_hidup_provinsi_indonesia;1;what is the life expectancy in 2020 for Perempuan?;['73.07']
ds0003;Zaki;angka_harapan_hidup_provinsi_indonesia;1;what is the life expectancy of Perempuan in JAMBI in 2017?;['72.67']
ds0003;Zaki;angka_harapan_hidup_provinsi_indonesia;1;what is the life expectancy of Perempuan in JAMBI in 2014?;['72.41']
ds0003;Zaki;angka_harapan_hidup_provinsi_indonesia;1;what is the life expectancy of Perempuan living in SUMATERA SELATAN since 2020?;['70.34', '70.49', '70.66', '70.83', '70.91', '71.13', '71.16', '71.17', '71.4', '71.63', '71.86', '71.95', '72.29']
ds0003;Zaki;angka_harapan_hidup_provinsi_indonesia;1;what is the life expectancy in Provinsi for Perempuan?;['SUMATERA SELATAN']
ds0003;Zaki;angka_harapan_hidup_provinsi_indonesia;1;what is the life expectancy of Perempuan in SUMATERA SELATAN in 2022?;['72.29']
ds0003;Zaki;angka_harapan_hidup_provinsi_indonesia;1;Perempuan life expectancy in 2021?;['71.95']
ds0003;Zaki;angka_harapan_hidup_provinsi_indonesia;1;what is the life expectancy in 2020 for Perempuan?;['71.86']
ds0003;Zaki;angka_harapan_hidup_provinsi_indonesia;1;what is the life expectancy of Perempuan in SUMATERA SELATAN in 2019?;['71.63']
ds0003;Zaki;angka_harapan_hidup_provinsi_indonesia;1;Perempuan life expectancy in 2013?;['70.83']
ds0003;Zaki;angka_harapan_hidup_provinsi_indonesia;1;Perempuan life expectancy in 2012?;['70.66']
ds0003;Zaki;angka_harapan_hidup_provinsi_indonesia;1;Perempuan life expectancy in 2011?;['70.49']
ds0003;Zaki;angka_harapan_hidup_provinsi_indonesia;1;what is the Perempuan life expectancy in BENGKULU?;['69.81', '69.98', '70.16', '70.32', '70.35', '70.48', '70.49', '70.51', '70.76', '71.13', '71.27', '71.4', '71.68']
ds0003;Zaki;angka_harapan_hidup_provinsi_indonesia;1;what is the life expectancy in Provinsi for Perempuan?;['BENGKULU']
ds0003;Zaki;angka_harapan_hidup_provinsi_indonesia;1;what is the life expectancy of Perempuan in BENGKULU in 2021?;['71.4']
ds0003;Zaki;angka_harapan_hidup_provinsi_indonesia;1;Perempuan life expectancy in 2018?;['70.76']
ds0003;Zaki;angka_harapan_hidup_provinsi_indonesia;1;what is the life expectancy in 2017 for Perempuan?;['70.51']
ds0003;Zaki;angka_harapan_hidup_provinsi_indonesia;1;what is the life expectancy in 2014 for Perempuan?;['70.35']
ds0003;Zaki;angka_harapan_hidup_provinsi_indonesia;1;what is the life expectancy in 2013 for Perempuan?;['70.32']
ds0003;Zaki;angka_harapan_hidup_provinsi_indonesia;1;Perempuan life expectancy in 2012?;['70.16']
ds0003;Zaki;angka_harapan_hidup_provinsi_indonesia;1;Perempuan life expectancy in 2011?;['69.98']
ds0003;Zaki;angka_harapan_hidup_provinsi_indonesia;1;what is the life expectancy of Perempuan in BENGKULU in 2010?;['69.81']
ds0003;Zaki;angka_harapan_hidup_provinsi_indonesia;1;since 2020 what is the life expectancy for Perempuan in LAMPUNG?;['70.9', '71.1', '71.31', '71.53', '71.64', '71.88', '71.9', '71.91', '72.14', '72.48', '72.61', '72.69', '72.97']
ds0003;Zaki;angka_harapan_hidup_provinsi_indonesia;1;Perempuan life expectancy in 2020?;['72.61']
ds0003;Zaki;angka_harapan_hidup_provinsi_indonesia;1;Perempuan life expectancy in 2019?;['72.48']
ds0003;Zaki;angka_harapan_hidup_provinsi_indonesia;1;what is the life expectancy in 2014 for Perempuan?;['71.64']
ds0003;Zaki;angka_harapan_hidup_provinsi_indonesia;1;what is the life expectancy of Perempuan in LAMPUNG in 2013?;['71.53']
ds0003;Zaki;angka_harapan_hidup_provinsi_indonesia;1;Perempuan life expectancy in 2012?;['71.31']
ds0003;Zaki;angka_harapan_hidup_provinsi_indonesia;1;what is the life expectancy of Perempuan living in KEP. BANGKA BELITUNG since 2020?;['71.14', '71.3', '71.45', '71.61', '71.69', '71.85', '71.88', '71.89', '72.11', '72.46', '72.59', '72.7', '72.97']
ds0003;Zaki;angka_harapan_hidup_provinsi_indonesia;1;what is the life expectancy of Perempuan in KEP. BANGKA BELITUNG in 2022?;['72.97']
ds0003;Zaki;angka_harapan_hidup_provinsi_indonesia;1;what is the life expectancy of Perempuan in KEP. BANGKA BELITUNG in 2017?;['71.89']
ds0003;Zaki;angka_harapan_hidup_provinsi_indonesia;1;what is the life expectancy of Perempuan living in KEP. RIAU since 2020?;['70.39', '70.59', '70.81', '71.02', '71.12', '71.38', '71.39', '71.4', '71.56', '71.73', '71.9', '72.07', '72.47']
ds0003;Zaki;angka_harapan_hidup_provinsi_indonesia;1;Perempuan life expectancy in Provinsi?;['KEP. RIAU']
ds0003;Zaki;angka_harapan_hidup_provinsi_indonesia;1;what is the life expectancy of Perempuan in KEP. RIAU in 2022?;['72.47']
ds0003;Zaki;angka_harapan_hidup_provinsi_indonesia;1;what is the life expectancy in 2021 for Perempuan?;['72.07']
ds0003;Zaki;angka_harapan_hidup_provinsi_indonesia;1;Perempuan life expectancy in 2020?;['71.9']
ds0003;Zaki;angka_harapan_hidup_provinsi_indonesia;1;what is the life expectancy in 2019 for Perempuan?;['71.73']
ds0003;Zaki;angka_harapan_hidup_provinsi_indonesia;1;what is the life expectancy of Perempuan in KEP. RIAU in 2018?;['71.56']
ds0003;Zaki;angka_harapan_hidup_provinsi_indonesia;1;what is the life expectancy of Perempuan in KEP. RIAU in 2016?;['71.39']
ds0003;Zaki;angka_harapan_hidup_provinsi_indonesia;1;what is the life expectancy of Perempuan in KEP. RIAU in 2015?;['71.38']
ds0003;Zaki;angka_harapan_hidup_provinsi_indonesia;1;what is the life expectancy in 2014 for Perempuan?;['71.12']
ds0003;Zaki;angka_harapan_hidup_provinsi_indonesia;1;what is the life expectancy in 2013 for Perempuan?;['71.02']
ds0003;Zaki;angka_harapan_hidup_provinsi_indonesia;1;Perempuan life expectancy in 2011?;['70.59']
ds0003;Zaki;angka_harapan_hidup_provinsi_indonesia;1;what is the life expectancy of Perempuan living in DKI JAKARTA since 2020?;['73.65', '73.8', '73.96', '74.12', '74.2', '74.36', '74.4', '74.41', '74.56', '74.68', '74.8', '74.91', '75.22']
ds0003;Zaki;angka_harapan_hidup_provinsi_indonesia;1;Perempuan life expectancy in Provinsi?;['DKI JAKARTA']
ds0003;Zaki;angka_harapan_hidup_provinsi_indonesia;1;what is the life expectancy of Perempuan in DKI JAKARTA in 2019?;['74.68']
ds0003;Zaki;angka_harapan_hidup_provinsi_indonesia;1;what is the life expectancy of Perempuan in DKI JAKARTA in 2017?;['74.41']
ds0003;Zaki;angka_harapan_hidup_provinsi_indonesia;1;Perempuan life expectancy in 2016?;['74.4']
ds0003;Zaki;angka_harapan_hidup_provinsi_indonesia;1;Perempuan life expectancy in 2012?;['73.96']
ds0003;Zaki;angka_harapan_hidup_provinsi_indonesia;1;what is the life expectancy of Perempuan in DKI JAKARTA in 2011?;['73.8']
ds0003;Zaki;angka_harapan_hidup_provinsi_indonesia;1;Perempuan life expectancy in 2010?;['73.65']
ds0003;Zaki;angka_harapan_hidup_provinsi_indonesia;1;since 2020 what is the life expectancy for Perempuan in JAWA BARAT?;['73.27', '73.53', '73.79', '74.05', '74.18', '74.36', '74.39', '74.42', '74.62', '74.81', '75.0', '75.19', '75.48']
ds0003;Zaki;angka_harapan_hidup_provinsi_indonesia;1;what is the life expectancy of Perempuan in JAWA BARAT in 2022?;['75.48']
ds0003;Zaki;angka_harapan_hidup_provinsi_indonesia;1;what is the life expectancy in 2021 for Perempuan?;['75.19']
ds0003;Zaki;angka_harapan_hidup_provinsi_indonesia;1;what is the life expectancy in 2020 for Perempuan?;['75.0']
ds0003;Zaki;angka_harapan_hidup_provinsi_indonesia;1;what is the life expectancy of Perempuan in JAWA BARAT in 2017?;['74.42']
ds0003;Zaki;angka_harapan_hidup_provinsi_indonesia;1;what is the life expectancy of Perempuan in JAWA BARAT in 2016?;['74.39']
ds0003;Zaki;angka_harapan_hidup_provinsi_indonesia;1;what is the life expectancy in 2015 for Perempuan?;['74.36']
ds0003;Zaki;angka_harapan_hidup_provinsi_indonesia;1;what is the life expectancy in 2012 for Perempuan?;['73.79']
ds0003;Zaki;angka_harapan_hidup_provinsi_indonesia;1;what is the life expectancy in 2011 for Perempuan?;['73.53']
ds0003;Zaki;angka_harapan_hidup_provinsi_indonesia;1;what is the life expectancy of Perempuan in JAWA BARAT in 2010?;['73.27']
ds0003;Zaki;angka_harapan_hidup_provinsi_indonesia;1;since 2020 what is the life expectancy for Perempuan in JAWA TENGAH?;['74.75', '74.92', '75.1', '75.28', '75.87', '75.95', '75.99', '76.02', '76.1', '76.16', '76.3', '76.42', '76.53']
ds0003;Zaki;angka_harapan_hidup_provinsi_indonesia;1;what is the life expectancy of Perempuan in JAWA TENGAH in Provinsi?;['JAWA TENGAH']
ds0003;Zaki;angka_harapan_hidup_provinsi_indonesia;1;Perempuan life expectancy in 2022?;['76.53']
ds0003;Zaki;angka_harapan_hidup_provinsi_indonesia;1;what is the life expectancy of Perempuan in JAWA TENGAH in 2021?;['76.42']
ds0003;Zaki;angka_harapan_hidup_provinsi_indonesia;1;what is the life expectancy in 2017 for Perempuan?;['76.02']
ds0003;Zaki;angka_harapan_hidup_provinsi_indonesia;1;what is the life expectancy of Perempuan in JAWA TENGAH in 2016?;['75.99']
ds0003;Zaki;angka_harapan_hidup_provinsi_indonesia;1;what is the life expectancy in 2011 for Perempuan?;['74.92']
ds0003;Zaki;angka_harapan_hidup_provinsi_indonesia;1;what is the life expectancy of Perempuan living in DI YOGYAKARTA since 2020?;['76.06', '76.14', '76.24', '76.32', '76.36', '76.53', '76.54', '76.57', '76.65', '76.76', '76.83', '76.89', '76.93']
ds0003;Zaki;angka_harapan_hidup_provinsi_indonesia;1;Perempuan life expectancy in Provinsi?;['DI YOGYAKARTA']
ds0003;Zaki;angka_harapan_hidup_provinsi_indonesia;1;what is the life expectancy in 2020 for Perempuan?;['76.83']
ds0003;Zaki;angka_harapan_hidup_provinsi_indonesia;1;what is the life expectancy of Perempuan in DI YOGYAKARTA in 2019?;['76.76']
ds0003;Zaki;angka_harapan_hidup_provinsi_indonesia;1;what is the life expectancy of Perempuan in DI YOGYAKARTA in 2016?;['76.54']
ds0003;Zaki;angka_harapan_hidup_provinsi_indonesia;1;what is the life expectancy of Perempuan in DI YOGYAKARTA in 2014?;['76.36']
ds0003;Zaki;angka_harapan_hidup_provinsi_indonesia;1;Perempuan life expectancy in 2013?;['76.32']
ds0003;Zaki;angka_harapan_hidup_provinsi_indonesia;1;what is the life expectancy in 2011 for Perempuan?;['76.14']
ds0003;Zaki;angka_harapan_hidup_provinsi_indonesia;1;what is the Perempuan life expectancy in JAWA TIMUR?;['71.89', '72.01', '72.13', '72.33', '72.44', '72.67', '72.68', '72.7', '72.87', '73.15', '73.27', '73.35', '73.71']
ds0003;Zaki;angka_harapan_hidup_provinsi_indonesia;1;what is the life expectancy of Perempuan in JAWA TIMUR in 2022?;['73.71']
ds0003;Zaki;angka_harapan_hidup_provinsi_indonesia;1;what is the life expectancy in 2015 for Perempuan?;['72.67']
ds0003;Zaki;angka_harapan_hidup_provinsi_indonesia;1;Perempuan life expectancy in 2014?;['72.44']
ds0003;Zaki;angka_harapan_hidup_provinsi_indonesia;1;Perempuan life expectancy in 2013?;['72.33']
ds0003;Zaki;angka_harapan_hidup_provinsi_indonesia;1;Perempuan life expectancy in 2012?;['72.13']
ds0003;Zaki;angka_harapan_hidup_provinsi_indonesia;1;what is the life expectancy in 2010 for Perempuan?;['71.89']
ds0003;Zaki;angka_harapan_hidup_provinsi_indonesia;1;what is the Perempuan life expectancy in BALI?;['72.59', '72.76', '72.91', '73.07', '73.15', '73.31', '73.32', '73.35', '73.57', '73.89', '74.03', '74.17', '74.53']
ds0003;Zaki;angka_harapan_hidup_provinsi_indonesia;1;what is the life expectancy of Perempuan in BALI in 2021?;['74.17']
ds0003;Zaki;angka_harapan_hidup_provinsi_indonesia;1;Perempuan life expectancy in 2020?;['74.03']
ds0003;Zaki;angka_harapan_hidup_provinsi_indonesia;1;Perempuan life expectancy in 2015?;['73.31']
ds0003;Zaki;angka_harapan_hidup_provinsi_indonesia;1;what is the life expectancy of Perempuan in BALI in 2014?;['73.15']
ds0003;Zaki;angka_harapan_hidup_provinsi_indonesia;1;Perempuan life expectancy in 2012?;['72.91']
ds0003;Zaki;angka_harapan_hidup_provinsi_indonesia;1;what is the life expectancy of Perempuan living in NUSA TENGGARA BARAT since 2020?;['65.77', '66.09', '66.4', '66.7', '66.85', '67.33', '67.39', '67.42', '67.75', '68.16', '68.39', '68.66', '69.07']
ds0003;Zaki;angka_harapan_hidup_provinsi_indonesia;1;what is the life expectancy of Perempuan in NUSA TENGGARA BARAT in 2022?;['69.07']
ds0003;Zaki;angka_harapan_hidup_provinsi_indonesia;1;what is the life expectancy in 2020 for Perempuan?;['68.39']
ds0003;Zaki;angka_harapan_hidup_provinsi_indonesia;1;what is the life expectancy in 2018 for Perempuan?;['67.75']
ds0003;Zaki;angka_harapan_hidup_provinsi_indonesia;1;Perempuan life expectancy in 2017?;['67.42']
ds0003;Zaki;angka_harapan_hidup_provinsi_indonesia;1;what is the life expectancy in 2015 for Perempuan?;['67.33']
ds0003;Zaki;angka_harapan_hidup_provinsi_indonesia;1;Perempuan life expectancy in 2013?;['66.7']
ds0003;Zaki;angka_harapan_hidup_provinsi_indonesia;1;what is the Perempuan life expectancy in NUSA TENGGARA TIMUR?;['67.24', '67.41', '67.6', '67.77', '67.85', '67.91', '67.92', '67.96', '68.28', '68.81', '68.96', '69.11', '69.43']
ds0003;Zaki;angka_harapan_hidup_provinsi_indonesia;1;Perempuan life expectancy in Provinsi?;['NUSA TENGGARA TIMUR']
ds0003;Zaki;angka_harapan_hidup_provinsi_indonesia;1;Perempuan life expectancy in 2022?;['69.43']
ds0003;Zaki;angka_harapan_hidup_provinsi_indonesia;1;what is the life expectancy of Perempuan in NUSA TENGGARA TIMUR in 2021?;['69.11']
ds0003;Zaki;angka_harapan_hidup_provinsi_indonesia;1;Perempuan life expectancy in 2019?;['68.81']
ds0003;Zaki;angka_harapan_hidup_provinsi_indonesia;1;what is the life expectancy of Perempuan in NUSA TENGGARA TIMUR in 2018?;['68.28']
ds0003;Zaki;angka_harapan_hidup_provinsi_indonesia;1;what is the life expectancy of Perempuan in NUSA TENGGARA TIMUR in 2017?;['67.96']
ds0003;Zaki;angka_harapan_hidup_provinsi_indonesia;1;what is the life expectancy in 2013 for Perempuan?;['67.77']
ds0003;Zaki;angka_harapan_hidup_provinsi_indonesia;1;Perempuan life expectancy in 2010?;['67.24']
ds0003;Zaki;angka_harapan_hidup_provinsi_indonesia;1;what is the life expectancy of Perempuan living in KALIMANTAN TENGAH since 2020?;['70.98', '71.06', '71.16', '71.23', '71.34', '71.48', '71.49', '71.5', '71.55', '71.6', '71.66', '71.72', '72.02']
ds0003;Zaki;angka_harapan_hidup_provinsi_indonesia;1;what is the life expectancy in Provinsi for Perempuan?;['KALIMANTAN TENGAH']
ds0003;Zaki;angka_harapan_hidup_provinsi_indonesia;1;what is the life expectancy in 2022 for Perempuan?;['72.02']
ds0003;Zaki;angka_harapan_hidup_provinsi_indonesia;1;what is the life expectancy in 2021 for Perempuan?;['71.72']
ds0003;Zaki;angka_harapan_hidup_provinsi_indonesia;1;what is the life expectancy of Perempuan in KALIMANTAN TENGAH in 2020?;['71.66']
ds0003;Zaki;angka_harapan_hidup_provinsi_indonesia;1;what is the life expectancy in 2019 for Perempuan?;['71.6']
ds0003;Zaki;angka_harapan_hidup_provinsi_indonesia;1;Perempuan life expectancy in 2017?;['71.5']
ds0003;Zaki;angka_harapan_hidup_provinsi_indonesia;1;what is the life expectancy in 2014 for Perempuan?;['71.34']
ds0003;Zaki;angka_harapan_hidup_provinsi_indonesia;1;what is the life expectancy in 2010 for Perempuan?;['70.98']
ds0003;Zaki;angka_harapan_hidup_provinsi_indonesia;1;what is the Perempuan life expectancy in KALIMANTAN SELATAN?;['68.63', '68.86', '69.09', '69.33', '69.45', '69.78', '69.84', '69.95', '70.19', '70.45', '70.62', '70.79', '71.13']
ds0003;Zaki;angka_harapan_hidup_provinsi_indonesia;1;what is the life expectancy in 2022 for Perempuan?;['71.13']
ds0003;Zaki;angka_harapan_hidup_provinsi_indonesia;1;Perempuan life expectancy in 2019?;['70.45']
ds0003;Zaki;angka_harapan_hidup_provinsi_indonesia;1;Perempuan life expectancy in 2018?;['70.19']
ds0003;Zaki;angka_harapan_hidup_provinsi_indonesia;1;what is the life expectancy of Perempuan in KALIMANTAN SELATAN in 2016?;['69.84']
ds0003;Zaki;angka_harapan_hidup_provinsi_indonesia;1;what is the Perempuan life expectancy in KALIMANTAN TIMUR?;['74.84', '75.05', '75.27', '75.46', '75.56', '75.58', '75.59', '75.61', '75.87', '76.13', '76.21', '76.51', '76.52']
ds0003;Zaki;angka_harapan_hidup_provinsi_indonesia;1;what is the life expectancy of Perempuan in KALIMANTAN TIMUR in 2021?;['76.51']
ds0003;Zaki;angka_harapan_hidup_provinsi_indonesia;1;Perempuan life expectancy in 2018?;['75.87']
ds0003;Zaki;angka_harapan_hidup_provinsi_indonesia;1;what is the life expectancy of Perempuan in KALIMANTAN TIMUR in 2015?;['75.58']
ds0003;Zaki;angka_harapan_hidup_provinsi_indonesia;1;what is the life expectancy of Perempuan in KALIMANTAN TIMUR in 2013?;['75.46']
ds0003;Zaki;angka_harapan_hidup_provinsi_indonesia;1;Perempuan life expectancy in 2012?;['75.27']
ds0003;Zaki;angka_harapan_hidup_provinsi_indonesia;1;what is the life expectancy of Perempuan in KALIMANTAN TIMUR in 2011?;['75.05']
ds0003;Zaki;angka_harapan_hidup_provinsi_indonesia;1;what is the life expectancy of Perempuan living in KALIMANTAN UTARA since 2020?;['73.85', '73.86', '73.87', '73.88', '73.98', '74.28', '74.3', '74.34', '74.37', '74.4', '74.44', '74.48', '74.54']
ds0003;Zaki;angka_harapan_hidup_provinsi_indonesia;1;what is the life expectancy of Perempuan in KALIMANTAN UTARA in Provinsi?;['KALIMANTAN UTARA']
ds0003;Zaki;angka_harapan_hidup_provinsi_indonesia;1;what is the life expectancy in 2022 for Perempuan?;['74.54']
ds0003;Zaki;angka_harapan_hidup_provinsi_indonesia;1;what is the life expectancy in 2018 for Perempuan?;['74.37']
ds0003;Zaki;angka_harapan_hidup_provinsi_indonesia;1;Perempuan life expectancy in 2015?;['74.28']
ds0003;Zaki;angka_harapan_hidup_provinsi_indonesia;1;since 2020 what is the life expectancy for Perempuan in SULAWESI UTARA?;['72.39', '72.55', '72.7', '72.85', '72.92', '72.98', '72.99', '73.01', '73.23', '73.55', '73.67', '73.72', '74.04']
ds0003;Zaki;angka_harapan_hidup_provinsi_indonesia;1;Perempuan life expectancy in 2022?;['74.04']
ds0003;Zaki;angka_harapan_hidup_provinsi_indonesia;1;what is the life expectancy in 2019 for Perempuan?;['73.55']
ds0003;Zaki;angka_harapan_hidup_provinsi_indonesia;1;what is the life expectancy of Perempuan in SULAWESI UTARA in 2018?;['73.23']
ds0003;Zaki;angka_harapan_hidup_provinsi_indonesia;1;what is the life expectancy of Perempuan in SULAWESI UTARA in 2016?;['72.99']
ds0003;Zaki;angka_harapan_hidup_provinsi_indonesia;1;what is the life expectancy of Perempuan in SULAWESI UTARA in 2011?;['72.55']
ds0003;Zaki;angka_harapan_hidup_provinsi_indonesia;1;from 2020 what is the expected life of Perempuan in SULAWESI TENGAH?;['68.07', '68.39', '68.7', '69.02', '69.18', '69.26', '69.28', '69.29', '69.75', '70.26', '70.72', '70.85', '70.95']
ds0003;Zaki;angka_harapan_hidup_provinsi_indonesia;1;Perempuan life expectancy in Provinsi?;['SULAWESI TENGAH']
ds0003;Zaki;angka_harapan_hidup_provinsi_indonesia;1;Perempuan life expectancy in 2022?;['70.95']
ds0003;Zaki;angka_harapan_hidup_provinsi_indonesia;1;what is the life expectancy of Perempuan in SULAWESI TENGAH in 2019?;['70.26']
ds0003;Zaki;angka_harapan_hidup_provinsi_indonesia;1;what is the life expectancy in 2018 for Perempuan?;['69.75']
ds0003;Zaki;angka_harapan_hidup_provinsi_indonesia;1;Perempuan life expectancy in 2017?;['69.29']
ds0003;Zaki;angka_harapan_hidup_provinsi_indonesia;1;Perempuan life expectancy in 2012?;['68.7']
ds0003;Zaki;angka_harapan_hidup_provinsi_indonesia;1;what is the life expectancy of Perempuan living in SULAWESI SELATAN since 2020?;['70.94', '71.12', '71.31', '71.5', '71.59', '71.8', '71.84', '71.86', '72.1', '72.42', '72.56', '72.65', '72.96']
ds0003;Zaki;angka_harapan_hidup_provinsi_indonesia;1;Perempuan life expectancy in 2018?;['72.1']
ds0003;Zaki;angka_harapan_hidup_provinsi_indonesia;1;Perempuan life expectancy in 2015?;['71.8']
ds0003;Zaki;angka_harapan_hidup_provinsi_indonesia;1;what is the life expectancy of Perempuan in SULAWESI SELATAN in 2014?;['71.59']
ds0003;Zaki;angka_harapan_hidup_provinsi_indonesia;1;what is the life expectancy of Perempuan in SULAWESI SELATAN in 2010?;['70.94']
ds0003;Zaki;angka_harapan_hidup_provinsi_indonesia;1;from 2020 what is the expected life of Perempuan in SULAWESI TENGGARA?;['71.67', '71.87', '72.08', '72.3', '72.41', '72.46', '72.44', '72.47', '72.71', '73.12', '73.36', '73.37', '73.47']
ds0003;Zaki;angka_harapan_hidup_provinsi_indonesia;1;what is the life expectancy in Provinsi for Perempuan?;['SULAWESI TENGGARA']
ds0003;Zaki;angka_harapan_hidup_provinsi_indonesia;1;what is the life expectancy in 2022 for Perempuan?;['73.47']
ds0003;Zaki;angka_harapan_hidup_provinsi_indonesia;1;Perempuan life expectancy in 2018?;['72.71']
ds0003;Zaki;angka_harapan_hidup_provinsi_indonesia;1;Perempuan life expectancy in 2016?;['72.44']
ds0003;Zaki;angka_harapan_hidup_provinsi_indonesia;1;Perempuan life expectancy in 2015?;['72.46']
ds0003;Zaki;angka_harapan_hidup_provinsi_indonesia;1;what is the life expectancy in 2013 for Perempuan?;['72.3']
ds0003;Zaki;angka_harapan_hidup_provinsi_indonesia;1;what is the life expectancy of Perempuan in SULAWESI TENGGARA in 2012?;['72.08']
ds0003;Zaki;angka_harapan_hidup_provinsi_indonesia;1;what is the life expectancy in 2011 for Perempuan?;['71.87']
ds0003;Zaki;angka_harapan_hidup_provinsi_indonesia;1;what is the life expectancy of Perempuan living in GORONTALO since 2020?;['68.41', '68.59', '68.77', '68.94', '69.03', '69.14', '69.16', '69.2', '69.53', '69.94', '70.09', '70.21', '70.53']
ds0003;Zaki;angka_harapan_hidup_provinsi_indonesia;1;what is the life expectancy in Provinsi for Perempuan?;['GORONTALO']
ds0003;Zaki;angka_harapan_hidup_provinsi_indonesia;1;what is the life expectancy in 2021 for Perempuan?;['70.21']
ds0003;Zaki;angka_harapan_hidup_provinsi_indonesia;1;Perempuan life expectancy in 2019?;['69.94']
ds0003;Zaki;angka_harapan_hidup_provinsi_indonesia;1;Perempuan life expectancy in 2018?;['69.53']
ds0003;Zaki;angka_harapan_hidup_provinsi_indonesia;1;what is the life expectancy of Perempuan in GORONTALO in 2016?;['69.16']
ds0003;Zaki;angka_harapan_hidup_provinsi_indonesia;1;Perempuan life expectancy in 2014?;['69.03']
ds0003;Zaki;angka_harapan_hidup_provinsi_indonesia;1;what is the life expectancy of Perempuan in GORONTALO in 2012?;['68.77']
ds0003;Zaki;angka_harapan_hidup_provinsi_indonesia;1;from 2020 what is the expected life of Perempuan in SULAWESI BARAT?;['64.45', '64.72', '65.0', '65.28', '66.0', '66.18', '66.2', '66.23', '66.47', '66.78', '67.02', '67.19', '67.6']
ds0003;Zaki;angka_harapan_hidup_provinsi_indonesia;1;what is the life expectancy in 2021 for Perempuan?;['67.19']
ds0003;Zaki;angka_harapan_hidup_provinsi_indonesia;1;what is the life expectancy of Perempuan in SULAWESI BARAT in 2020?;['67.02']
ds0003;Zaki;angka_harapan_hidup_provinsi_indonesia;1;what is the life expectancy in 2019 for Perempuan?;['66.78']
ds0003;Zaki;angka_harapan_hidup_provinsi_indonesia;1;Perempuan life expectancy in 2016?;['66.2']
ds0003;Zaki;angka_harapan_hidup_provinsi_indonesia;1;what is the life expectancy of Perempuan in SULAWESI BARAT in 2013?;['65.28']
ds0003;Zaki;angka_harapan_hidup_provinsi_indonesia;1;since 2020 what is the life expectancy for Perempuan in MALUKU?;['66.42', '66.58', '66.74', '66.9', '66.98', '67.28', '67.34', '67.39', '67.58', '67.79', '67.93', '68.05', '68.43']
ds0003;Zaki;angka_harapan_hidup_provinsi_indonesia;1;what is the life expectancy of Perempuan in MALUKU in 2022?;['68.43']
ds0003;Zaki;angka_harapan_hidup_provinsi_indonesia;1;Perempuan life expectancy in 2021?;['68.05']
ds0003;Zaki;angka_harapan_hidup_provinsi_indonesia;1;what is the life expectancy in 2018 for Perempuan?;['67.58']
ds0003;Zaki;angka_harapan_hidup_provinsi_indonesia;1;what is the life expectancy of Perempuan in MALUKU in 2017?;['67.39']
ds0003;Zaki;angka_harapan_hidup_provinsi_indonesia;1;what is the life expectancy in 2014 for Perempuan?;['66.98']
ds0003;Zaki;angka_harapan_hidup_provinsi_indonesia;1;what is the life expectancy in 2013 for Perempuan?;['66.9']
ds0003;Zaki;angka_harapan_hidup_provinsi_indonesia;1;since 2020 what is the life expectancy for Perempuan in PAPUA BARAT?;['66.57', '66.72', '66.86', '67.02', '67.1', '67.15', '67.16', '67.19', '67.43', '67.78', '67.9', '68.05', '68.44']
ds0003;Zaki;angka_harapan_hidup_provinsi_indonesia;1;what is the life expectancy of Perempuan in PAPUA BARAT in 2022?;['68.44']
ds0003;Zaki;angka_harapan_hidup_provinsi_indonesia;1;what is the life expectancy in 2020 for Perempuan?;['67.9']
ds0003;Zaki;angka_harapan_hidup_provinsi_indonesia;1;what is the life expectancy in 2016 for Perempuan?;['67.16']
ds0003;Zaki;angka_harapan_hidup_provinsi_indonesia;1;what is the life expectancy of Perempuan in PAPUA BARAT in 2015?;['67.15']
ds0003;Zaki;angka_harapan_hidup_provinsi_indonesia;1;what is the life expectancy of Perempuan in PAPUA BARAT in 2014?;['67.1']
ds0003;Zaki;angka_harapan_hidup_provinsi_indonesia;1;Perempuan life expectancy in 2012?;['66.86']
ds0003;Zaki;angka_harapan_hidup_provinsi_indonesia;1;what is the life expectancy of Perempuan in PAPUA BARAT in 2011?;['66.72']
ds0003;Zaki;angka_harapan_hidup_provinsi_indonesia;1;from 2020 what is the expected life of Perempuan in INDONESIA?;['71.83', '72.02', '72.22', '72.41', '72.59', '72.78', '72.8', '73.06', '73.19', '73.33', '73.46', '73.55', '73.83']
ds0003;Zaki;angka_harapan_hidup_provinsi_indonesia;1;Perempuan life expectancy in 2021?;['73.55']
ds0003;Zaki;angka_harapan_hidup_provinsi_indonesia;1;what is the life expectancy in 2019 for Perempuan?;['73.33']
ds0003;Zaki;angka_harapan_hidup_provinsi_indonesia;1;what is the life expectancy of Perempuan in INDONESIA in 2017?;['73.06']
ds0003;Zaki;angka_harapan_hidup_provinsi_indonesia;1;what is the life expectancy of Perempuan in INDONESIA in 2013?;['72.41']
ds0003;Zaki;angka_harapan_hidup_provinsi_indonesia;1;Perempuan life expectancy in 2012?;['72.22']
ds0003;Zaki;angka_harapan_hidup_provinsi_indonesia;1;what is the life expectancy of Perempuan in INDONESIA in 2011?;['72.02']
ds0003;Zaki;angka_harapan_hidup_provinsi_indonesia;1;Perempuan life expectancy in 2010?;['71.83']
ds0003;Zaki;angka_harapan_hidup_provinsi_indonesia;1;since 2020 what is the life expectancy for Laki-laki in ACEH?;['67.17', '67.25', '67.32', '67.4', '67.44', '67.59', '67.61', '67.62', '67.73', '67.98', '68.04', '68.07', '68.26']
ds0003;Zaki;angka_harapan_hidup_provinsi_indonesia;1;Laki-laki life expectancy in 2022?;['68.26']
ds0003;Zaki;angka_harapan_hidup_provinsi_indonesia;1;what is the life expectancy in 2021 for Laki-laki?;['68.07']
ds0003;Zaki;angka_harapan_hidup_provinsi_indonesia;1;what is the life expectancy in 2017 for Laki-laki?;['67.62']
ds0003;Zaki;angka_harapan_hidup_provinsi_indonesia;1;what is the life expectancy of Laki-laki in ACEH in 2013?;['67.4']
ds0003;Zaki;angka_harapan_hidup_provinsi_indonesia;1;what is the life expectancy of Laki-laki in ACEH in 2012?;['67.32']
ds0003;Zaki;angka_harapan_hidup_provinsi_indonesia;1;what is the life expectancy in 2011 for Laki-laki?;['67.25']
ds0003;Zaki;angka_harapan_hidup_provinsi_indonesia;1;what is the life expectancy of Laki-laki living in SUMATERA UTARA since 2020?;['65.59', '65.76', '65.93', '66.06', '66.16', '66.41', '66.48', '66.49', '66.73', '67.07', '67.22', '67.35', '67.66']
ds0003;Zaki;angka_harapan_hidup_provinsi_indonesia;1;what is the life expectancy in 2022 for Laki-laki?;['67.66']
ds0003;Zaki;angka_harapan_hidup_provinsi_indonesia;1;what is the life expectancy of Laki-laki in SUMATERA UTARA in 2021?;['67.35']
ds0003;Zaki;angka_harapan_hidup_provinsi_indonesia;1;what is the life expectancy of Laki-laki in SUMATERA UTARA in 2020?;['67.22']
ds0003;Zaki;angka_harapan_hidup_provinsi_indonesia;1;what is the life expectancy of Laki-laki in SUMATERA UTARA in 2019?;['67.07']
ds0003;Zaki;angka_harapan_hidup_provinsi_indonesia;1;what is the life expectancy of Laki-laki in SUMATERA UTARA in 2014?;['66.16']
ds0003;Zaki;angka_harapan_hidup_provinsi_indonesia;1;Laki-laki life expectancy in 2010?;['65.59']
ds0003;Zaki;angka_harapan_hidup_provinsi_indonesia;1;what is the life expectancy of Laki-laki living in SUMATERA BARAT since 2020?;['65.7', '65.9', '66.11', '66.31', '66.41', '66.75', '66.9', '66.94', '67.16', '67.42', '67.59', '67.7', '67.99']
ds0003;Zaki;angka_harapan_hidup_provinsi_indonesia;1;Laki-laki life expectancy in Provinsi?;['SUMATERA BARAT']
ds0003;Zaki;angka_harapan_hidup_provinsi_indonesia;1;Laki-laki life expectancy in 2022?;['67.99']
ds0003;Zaki;angka_harapan_hidup_provinsi_indonesia;1;what is the life expectancy of Laki-laki in SUMATERA BARAT in 2020?;['67.59']
ds0003;Zaki;angka_harapan_hidup_provinsi_indonesia;1;what is the life expectancy in 2018 for Laki-laki?;['67.16']
ds0003;Zaki;angka_harapan_hidup_provinsi_indonesia;1;what is the life expectancy in 2014 for Laki-laki?;['66.41']
ds0003;Zaki;angka_harapan_hidup_provinsi_indonesia;1;what is the life expectancy of Laki-laki in SUMATERA BARAT in 2013?;['66.31']
ds0003;Zaki;angka_harapan_hidup_provinsi_indonesia;1;from 2020 what is the expected life of Laki-laki in RIAU?;['68.26', '68.43', '68.61', '68.79', '68.88', '69.05', '69.1', '69.12', '69.32', '69.62', '69.75', '69.82', '70.03']
ds0003;Zaki;angka_harapan_hidup_provinsi_indonesia;1;what is the life expectancy of Laki-laki in RIAU in Provinsi?;['RIAU']
ds0003;Zaki;angka_harapan_hidup_provinsi_indonesia;1;Laki-laki life expectancy in 2022?;['70.03']
ds0003;Zaki;angka_harapan_hidup_provinsi_indonesia;1;what is the life expectancy in 2021 for Laki-laki?;['69.82']
ds0003;Zaki;angka_harapan_hidup_provinsi_indonesia;1;Laki-laki life expectancy in 2019?;['69.62']
ds0003;Zaki;angka_harapan_hidup_provinsi_indonesia;1;what is the life expectancy of Laki-laki in RIAU in 2016?;['69.1']
ds0003;Zaki;angka_harapan_hidup_provinsi_indonesia;1;what is the life expectancy of Laki-laki in RIAU in 2014?;['68.88']
ds0003;Zaki;angka_harapan_hidup_provinsi_indonesia;1;what is the life expectancy of Laki-laki in RIAU in 2010?;['68.26']
ds0003;Zaki;angka_harapan_hidup_provinsi_indonesia;1;what is the Laki-laki life expectancy in JAMBI?;['67.99', '68.14', '68.3', '68.46', '68.54', '68.67', '68.69', '68.75', '68.89', '69.11', '69.27', '69.33', '69.57']
ds0003;Zaki;angka_harapan_hidup_provinsi_indonesia;1;what is the life expectancy of Laki-laki in JAMBI in 2022?;['69.57']
ds0003;Zaki;angka_harapan_hidup_provinsi_indonesia;1;Laki-laki life expectancy in 2019?;['69.11']
ds0003;Zaki;angka_harapan_hidup_provinsi_indonesia;1;what is the life expectancy of Laki-laki in JAMBI in 2018?;['68.89']
ds0003;Zaki;angka_harapan_hidup_provinsi_indonesia;1;what is the life expectancy of Laki-laki in JAMBI in 2017?;['68.75']
ds0003;Zaki;angka_harapan_hidup_provinsi_indonesia;1;what is the life expectancy in 2015 for Laki-laki?;['68.67']
ds0003;Zaki;angka_harapan_hidup_provinsi_indonesia;1;what is the life expectancy of Laki-laki in JAMBI in 2014?;['68.54']
ds0003;Zaki;angka_harapan_hidup_provinsi_indonesia;1;what is the life expectancy of Laki-laki in JAMBI in 2013?;['68.46']
ds0003;Zaki;angka_harapan_hidup_provinsi_indonesia;1;what is the life expectancy in 2010 for Laki-laki?;['67.99']
ds0003;Zaki;angka_harapan_hidup_provinsi_indonesia;1;from 2020 what is the expected life of Laki-laki in SUMATERA SELATAN?;['66.45', '66.62', '66.78', '66.95', '67.03', '67.25', '67.28', '67.29', '67.52', '67.78', '68.0', '68.11', '68.38']
ds0003;Zaki;angka_harapan_hidup_provinsi_indonesia;1;Laki-laki life expectancy in 2022?;['68.38']
ds0003;Zaki;angka_harapan_hidup_provinsi_indonesia;1;what is the life expectancy of Laki-laki in SUMATERA SELATAN in 2020?;['68.0']
ds0003;Zaki;angka_harapan_hidup_provinsi_indonesia;1;what is the life expectancy of Laki-laki in SUMATERA SELATAN in 2018?;['67.52']
ds0003;Zaki;angka_harapan_hidup_provinsi_indonesia;1;what is the life expectancy of Laki-laki in SUMATERA SELATAN in 2017?;['67.29']
ds0003;Zaki;angka_harapan_hidup_provinsi_indonesia;1;what is the life expectancy of Laki-laki in SUMATERA SELATAN in 2015?;['67.25']
ds0003;Zaki;angka_harapan_hidup_provinsi_indonesia;1;what is the life expectancy in 2014 for Laki-laki?;['67.03']
ds0003;Zaki;angka_harapan_hidup_provinsi_indonesia;1;Laki-laki life expectancy in 2012?;['66.78']
ds0003;Zaki;angka_harapan_hidup_provinsi_indonesia;1;Laki-laki life expectancy in 2011?;['66.62']
ds0003;Zaki;angka_harapan_hidup_provinsi_indonesia;1;what is the Laki-laki life expectancy in BENGKULU?;['65.92', '66.08', '66.26', '66.43', '66.47', '66.6', '66.62', '66.64', '66.89', '67.28', '67.47', '67.54', '67.74']
ds0003;Zaki;angka_harapan_hidup_provinsi_indonesia;1;Laki-laki life expectancy in 2020?;['67.47']
ds0003;Zaki;angka_harapan_hidup_provinsi_indonesia;1;what is the life expectancy in 2019 for Laki-laki?;['67.28']
ds0003;Zaki;angka_harapan_hidup_provinsi_indonesia;1;what is the life expectancy of Laki-laki in BENGKULU in 2017?;['66.64']
ds0003;Zaki;angka_harapan_hidup_provinsi_indonesia;1;Laki-laki life expectancy in 2016?;['66.62']
ds0003;Zaki;angka_harapan_hidup_provinsi_indonesia;1;what is the life expectancy of Laki-laki in BENGKULU in 2015?;['66.6']
ds0003;Zaki;angka_harapan_hidup_provinsi_indonesia;1;what is the life expectancy of Laki-laki in BENGKULU in 2014?;['66.47']
ds0003;Zaki;angka_harapan_hidup_provinsi_indonesia;1;what is the life expectancy of Laki-laki in BENGKULU in 2013?;['66.43']
ds0003;Zaki;angka_harapan_hidup_provinsi_indonesia;1;what is the life expectancy of Laki-laki in BENGKULU in 2012?;['66.26']
ds0003;Zaki;angka_harapan_hidup_provinsi_indonesia;1;what is the life expectancy of Laki-laki in BENGKULU in 2011?;['66.08']
ds0003;Zaki;angka_harapan_hidup_provinsi_indonesia;1;what is the Laki-laki life expectancy in LAMPUNG?;['67.01', '67.23', '67.45', '67.66', '67.76', '68.0', '68.03', '68.04', '68.27', '68.64', '68.78', '68.86', '69.07']
ds0003;Zaki;angka_harapan_hidup_provinsi_indonesia;1;what is the life expectancy in Provinsi for Laki-laki?;['LAMPUNG']
ds0003;Zaki;angka_harapan_hidup_provinsi_indonesia;1;Laki-laki life expectancy in 2022?;['69.07']
ds0003;Zaki;angka_harapan_hidup_provinsi_indonesia;1;Laki-laki life expectancy in 2019?;['68.64']
ds0003;Zaki;angka_harapan_hidup_provinsi_indonesia;1;what is the life expectancy in 2018 for Laki-laki?;['68.27']
ds0003;Zaki;angka_harapan_hidup_provinsi_indonesia;1;Laki-laki life expectancy in 2017?;['68.04']
ds0003;Zaki;angka_harapan_hidup_provinsi_indonesia;1;Laki-laki life expectancy in 2016?;['68.03']
ds0003;Zaki;angka_harapan_hidup_provinsi_indonesia;1;Laki-laki life expectancy in 2014?;['67.76']
ds0003;Zaki;angka_harapan_hidup_provinsi_indonesia;1;since 2020 what is the life expectancy for Laki-laki in KEP. BANGKA BELITUNG?;['67.25', '67.42', '67.6', '67.77', '67.85', '68.01', '68.05', '68.08', '68.32', '68.63', '68.77', '68.86', '69.06']
ds0003;Zaki;angka_harapan_hidup_provinsi_indonesia;1;Laki-laki life expectancy in Provinsi?;['KEP. BANGKA BELITUNG']
ds0003;Zaki;angka_harapan_hidup_provinsi_indonesia;1;what is the life expectancy in 2021 for Laki-laki?;['68.86']
ds0003;Zaki;angka_harapan_hidup_provinsi_indonesia;1;what is the life expectancy in 2017 for Laki-laki?;['68.08']
ds0003;Zaki;angka_harapan_hidup_provinsi_indonesia;1;what is the life expectancy in 2016 for Laki-laki?;['68.05']
ds0003;Zaki;angka_harapan_hidup_provinsi_indonesia;1;what is the life expectancy of Laki-laki in KEP. BANGKA BELITUNG in 2015?;['68.01']
ds0003;Zaki;angka_harapan_hidup_provinsi_indonesia;1;what is the life expectancy in 2014 for Laki-laki?;['67.85']
ds0003;Zaki;angka_harapan_hidup_provinsi_indonesia;1;Laki-laki life expectancy in 2012?;['67.6']
ds0003;Zaki;angka_harapan_hidup_provinsi_indonesia;1;what is the life expectancy in 2011 for Laki-laki?;['67.42']
ds0003;Zaki;angka_harapan_hidup_provinsi_indonesia;1;from 2020 what is the expected life of Laki-laki in KEP. RIAU?;['66.54', '66.76', '66.98', '67.18', '67.28', '67.54', '67.59', '67.6', '67.76', '67.92', '68.08', '68.24', '68.58']
ds0003;Zaki;angka_harapan_hidup_provinsi_indonesia;1;Laki-laki life expectancy in 2022?;['68.58']
ds0003;Zaki;angka_harapan_hidup_provinsi_indonesia;1;what is the life expectancy of Laki-laki in KEP. RIAU in 2021?;['68.24']
ds0003;Zaki;angka_harapan_hidup_provinsi_indonesia;1;Laki-laki life expectancy in 2017?;['67.6']
ds0003;Zaki;angka_harapan_hidup_provinsi_indonesia;1;what is the life expectancy in 2016 for Laki-laki?;['67.59']
ds0003;Zaki;angka_harapan_hidup_provinsi_indonesia;1;what is the life expectancy in 2015 for Laki-laki?;['67.54']
ds0003;Zaki;angka_harapan_hidup_provinsi_indonesia;1;what is the life expectancy in 2012 for Laki-laki?;['66.98']
ds0003;Zaki;angka_harapan_hidup_provinsi_indonesia;1;what is the life expectancy of Laki-laki in KEP. RIAU in 2011?;['66.76']
ds0003;Zaki;angka_harapan_hidup_provinsi_indonesia;1;Laki-laki life expectancy in 2010?;['66.54']
ds0003;Zaki;angka_harapan_hidup_provinsi_indonesia;1;what is the life expectancy of Laki-laki living in DKI JAKARTA since 2020?;['69.86', '70.02', '70.19', '70.36', '70.44', '70.6', '70.72', '70.78', '70.87', '70.96', '71.1', '71.21', '71.45']
ds0003;Zaki;angka_harapan_hidup_provinsi_indonesia;1;what is the life expectancy of Laki-laki in DKI JAKARTA in 2022?;['71.45']
ds0003;Zaki;angka_harapan_hidup_provinsi_indonesia;1;what is the life expectancy of Laki-laki in DKI JAKARTA in 2020?;['71.1']
ds0003;Zaki;angka_harapan_hidup_provinsi_indonesia;1;what is the life expectancy in 2019 for Laki-laki?;['70.96']
ds0003;Zaki;angka_harapan_hidup_provinsi_indonesia;1;what is the life expectancy of Laki-laki in DKI JAKARTA in 2014?;['70.44']
ds0003;Zaki;angka_harapan_hidup_provinsi_indonesia;1;Laki-laki life expectancy in 2013?;['70.36']
ds0003;Zaki;angka_harapan_hidup_provinsi_indonesia;1;what is the Laki-laki life expectancy in JAWA BARAT?;['69.4', '69.68', '69.95', '70.22', '70.35', '70.54', '70.57', '70.58', '70.76', '71.03', '71.3', '71.57', '71.77']
ds0003;Zaki;angka_harapan_hidup_provinsi_indonesia;1;Laki-laki life expectancy in 2020?;['71.3']
ds0003;Zaki;angka_harapan_hidup_provinsi_indonesia;1;what is the life expectancy of Laki-laki in JAWA BARAT in 2015?;['70.54']
ds0003;Zaki;angka_harapan_hidup_provinsi_indonesia;1;what is the life expectancy of Laki-laki in JAWA BARAT in 2012?;['69.95']
ds0003;Zaki;angka_harapan_hidup_provinsi_indonesia;1;Laki-laki life expectancy in 2011?;['69.68']
ds0003;Zaki;angka_harapan_hidup_provinsi_indonesia;1;what is the life expectancy of Laki-laki in JAWA BARAT in 2010?;['69.4']
ds0003;Zaki;angka_harapan_hidup_provinsi_indonesia;1;since 2020 what is the life expectancy for Laki-laki in JAWA TENGAH?;['70.8', '70.99', '71.18', '71.37', '71.97', '72.05', '72.1', '72.16', '72.28', '72.33', '72.51', '72.61', '72.71']
ds0003;Zaki;angka_harapan_hidup_provinsi_indonesia;1;what is the life expectancy in 2021 for Laki-laki?;['72.61']
ds0003;Zaki;angka_harapan_hidup_provinsi_indonesia;1;what is the life expectancy of Laki-laki in JAWA TENGAH in 2019?;['72.33']
ds0003;Zaki;angka_harapan_hidup_provinsi_indonesia;1;Laki-laki life expectancy in 2018?;['72.28']
ds0003;Zaki;angka_harapan_hidup_provinsi_indonesia;1;what is the life expectancy in 2017 for Laki-laki?;['72.16']
ds0003;Zaki;angka_harapan_hidup_provinsi_indonesia;1;what is the life expectancy of Laki-laki in JAWA TENGAH in 2014?;['71.97']
ds0003;Zaki;angka_harapan_hidup_provinsi_indonesia;1;what is the life expectancy in 2012 for Laki-laki?;['71.18']
ds0003;Zaki;angka_harapan_hidup_provinsi_indonesia;1;what is the life expectancy of Laki-laki in JAWA TENGAH in 2010?;['70.8']
ds0003;Zaki;angka_harapan_hidup_provinsi_indonesia;1;what is the Laki-laki life expectancy in DI YOGYAKARTA?;['72.36', '72.47', '72.57', '72.67', '72.72', '72.9', '72.92', '72.95', '73.03', '73.13', '73.22', '73.27', '73.28']
ds0003;Zaki;angka_harapan_hidup_provinsi_indonesia;1;Laki-laki life expectancy in Provinsi?;['DI YOGYAKARTA']
ds0003;Zaki;angka_harapan_hidup_provinsi_indonesia;1;what is the life expectancy in 2022 for Laki-laki?;['73.28']
ds0003;Zaki;angka_harapan_hidup_provinsi_indonesia;1;what is the life expectancy of Laki-laki in DI YOGYAKARTA in 2021?;['73.27']
ds0003;Zaki;angka_harapan_hidup_provinsi_indonesia;1;what is the life expectancy in 2019 for Laki-laki?;['73.13']
ds0003;Zaki;angka_harapan_hidup_provinsi_indonesia;1;what is the life expectancy in 2018 for Laki-laki?;['73.03']
ds0003;Zaki;angka_harapan_hidup_provinsi_indonesia;1;what is the life expectancy of Laki-laki in DI YOGYAKARTA in 2017?;['72.95']
ds0003;Zaki;angka_harapan_hidup_provinsi_indonesia;1;Laki-laki life expectancy in 2016?;['72.92']
ds0003;Zaki;angka_harapan_hidup_provinsi_indonesia;1;what is the life expectancy of Laki-laki in DI YOGYAKARTA in 2015?;['72.9']
ds0003;Zaki;angka_harapan_hidup_provinsi_indonesia;1;Laki-laki life expectancy in 2014?;['72.72']
ds0003;Zaki;angka_harapan_hidup_provinsi_indonesia;1;Laki-laki life expectancy in 2012?;['72.57']
ds0003;Zaki;angka_harapan_hidup_provinsi_indonesia;1;what is the life expectancy in 2010 for Laki-laki?;['72.36']
ds0003;Zaki;angka_harapan_hidup_provinsi_indonesia;1;from 2020 what is the expected life of Laki-laki in JAWA TIMUR?;['68.0', '68.13', '68.25', '68.45', '68.56', '68.79', '68.8', '68.82', '68.99', '69.3', '69.42', '69.51', '69.81']
ds0003;Zaki;angka_harapan_hidup_provinsi_indonesia;1;what is the life expectancy of Laki-laki in JAWA TIMUR in 2022?;['69.81']
ds0003;Zaki;angka_harapan_hidup_provinsi_indonesia;1;what is the life expectancy in 2021 for Laki-laki?;['69.51']
ds0003;Zaki;angka_harapan_hidup_provinsi_indonesia;1;Laki-laki life expectancy in 2019?;['69.3']
ds0003;Zaki;angka_harapan_hidup_provinsi_indonesia;1;Laki-laki life expectancy in 2017?;['68.82']
ds0003;Zaki;angka_harapan_hidup_provinsi_indonesia;1;what is the life expectancy in 2013 for Laki-laki?;['68.45']
ds0003;Zaki;angka_harapan_hidup_provinsi_indonesia;1;what is the life expectancy in 2012 for Laki-laki?;['68.25']
ds0003;Zaki;angka_harapan_hidup_provinsi_indonesia;1;what is the life expectancy in 2010 for Laki-laki?;['68.0']
ds0003;Zaki;angka_harapan_hidup_provinsi_indonesia;1;from 2020 what is the expected life of Laki-laki in BANTEN?;['66.6', '66.78', '66.97', '67.15', '67.24', '67.53', '67.54', '67.57', '67.72', '67.97', '68.08', '68.15', '68.46']
ds0003;Zaki;angka_harapan_hidup_provinsi_indonesia;1;Laki-laki life expectancy in 2022?;['68.46']
ds0003;Zaki;angka_harapan_hidup_provinsi_indonesia;1;what is the life expectancy of Laki-laki in BANTEN in 2021?;['68.15']
ds0003;Zaki;angka_harapan_hidup_provinsi_indonesia;1;what is the life expectancy in 2016 for Laki-laki?;['67.54']
ds0003;Zaki;angka_harapan_hidup_provinsi_indonesia;1;what is the life expectancy of Laki-laki in BANTEN in 2014?;['67.24']
ds0003;Zaki;angka_harapan_hidup_provinsi_indonesia;1;what is the life expectancy of Laki-laki in BANTEN in 2013?;['67.15']
ds0003;Zaki;angka_harapan_hidup_provinsi_indonesia;1;what is the Laki-laki life expectancy in BALI?;['68.73', '68.89', '69.06', '69.24', '69.33', '69.49', '69.55', '69.58', '69.8', '70.11', '70.28', '70.39', '70.69']
ds0003;Zaki;angka_harapan_hidup_provinsi_indonesia;1;what is the life expectancy of Laki-laki in BALI in Provinsi?;['BALI']
ds0003;Zaki;angka_harapan_hidup_provinsi_indonesia;1;what is the life expectancy of Laki-laki in BALI in 2018?;['69.8']
ds0003;Zaki;angka_harapan_hidup_provinsi_indonesia;1;what is the life expectancy of Laki-laki in BALI in 2014?;['69.33']
ds0003;Zaki;angka_harapan_hidup_provinsi_indonesia;1;what is the life expectancy of Laki-laki in BALI in 2012?;['69.06']
ds0003;Zaki;angka_harapan_hidup_provinsi_indonesia;1;what is the life expectancy of Laki-laki in BALI in 2010?;['68.73']
ds0003;Zaki;angka_harapan_hidup_provinsi_indonesia;1;from 2020 what is the expected life of Laki-laki in KALIMANTAN BARAT?;['67.15', '67.35', '67.56', '67.76', '67.86', '67.97', '67.99', '68.0', '68.26', '68.67', '68.8', '68.87', '69.08']
ds0003;Zaki;angka_harapan_hidup_provinsi_indonesia;1;Laki-laki life expectancy in 2022?;['69.08']
ds0003;Zaki;angka_harapan_hidup_provinsi_indonesia;1;what is the life expectancy in 2020 for Laki-laki?;['68.8']
ds0003;Zaki;angka_harapan_hidup_provinsi_indonesia;1;what is the life expectancy of Laki-laki in KALIMANTAN BARAT in 2016?;['67.99']
ds0003;Zaki;angka_harapan_hidup_provinsi_indonesia;1;what is the life expectancy in 2015 for Laki-laki?;['67.97']
ds0003;Zaki;angka_harapan_hidup_provinsi_indonesia;1;what is the life expectancy of Laki-laki in KALIMANTAN BARAT in 2014?;['67.86']
ds0003;Zaki;angka_harapan_hidup_provinsi_indonesia;1;what is the life expectancy of Laki-laki in KALIMANTAN BARAT in 2012?;['67.56']
ds0003;Zaki;angka_harapan_hidup_provinsi_indonesia;1;since 2020 what is the life expectancy for Laki-laki in KALIMANTAN TENGAH?;['67.16', '67.25', '67.35', '67.41', '67.52', '67.67', '67.68', '67.69', '67.74', '67.79', '67.84', '67.89', '68.08']
ds0003;Zaki;angka_harapan_hidup_provinsi_indonesia;1;what is the life expectancy of Laki-laki in KALIMANTAN TENGAH in 2022?;['68.08']
ds0003;Zaki;angka_harapan_hidup_provinsi_indonesia;1;what is the life expectancy of Laki-laki in KALIMANTAN TENGAH in 2020?;['67.84']
ds0003;Zaki;angka_harapan_hidup_provinsi_indonesia;1;what is the life expectancy in 2019 for Laki-laki?;['67.79']
ds0003;Zaki;angka_harapan_hidup_provinsi_indonesia;1;what is the life expectancy of Laki-laki in KALIMANTAN TENGAH in 2016?;['67.68']
ds0003;Zaki;angka_harapan_hidup_provinsi_indonesia;1;what is the life expectancy of Laki-laki in KALIMANTAN TENGAH in 2013?;['67.41']
ds0003;Zaki;angka_harapan_hidup_provinsi_indonesia;1;what is the life expectancy of Laki-laki in KALIMANTAN TENGAH in 2010?;['67.16']
ds0003;Zaki;angka_harapan_hidup_provinsi_indonesia;1;what is the Laki-laki life expectancy in KALIMANTAN TIMUR?;['71.03', '71.25', '71.46', '71.68', '71.79', '71.82', '71.85', '71.87', '72.13', '72.41', '72.54', '72.79', '72.8']
ds0003;Zaki;angka_harapan_hidup_provinsi_indonesia;1;what is the life expectancy in Provinsi for Laki-laki?;['KALIMANTAN TIMUR']
ds0003;Zaki;angka_harapan_hidup_provinsi_indonesia;1;what is the life expectancy in 2022 for Laki-laki?;['72.8']
ds0003;Zaki;angka_harapan_hidup_provinsi_indonesia;1;Laki-laki life expectancy in 2019?;['72.41']
ds0003;Zaki;angka_harapan_hidup_provinsi_indonesia;1;what is the life expectancy in 2018 for Laki-laki?;['72.13']
ds0003;Zaki;angka_harapan_hidup_provinsi_indonesia;1;what is the life expectancy of Laki-laki in KALIMANTAN TIMUR in 2017?;['71.87']
ds0003;Zaki;angka_harapan_hidup_provinsi_indonesia;1;what is the life expectancy in 2015 for Laki-laki?;['71.82']
ds0003;Zaki;angka_harapan_hidup_provinsi_indonesia;1;what is the life expectancy of Laki-laki in KALIMANTAN TIMUR in 2013?;['71.68']
ds0003;Zaki;angka_harapan_hidup_provinsi_indonesia;1;what is the life expectancy of Laki-laki living in KALIMANTAN UTARA since 2020?;['70.03', '70.04', '70.05', '70.06', '70.17', '70.47', '70.49', '70.5', '70.52', '70.57', '70.63', '70.69', '70.7']
ds0003;Zaki;angka_harapan_hidup_provinsi_indonesia;1;what is the life expectancy of Laki-laki in KALIMANTAN UTARA in Provinsi?;['KALIMANTAN UTARA']
ds0003;Zaki;angka_harapan_hidup_provinsi_indonesia;1;what is the life expectancy in 2021 for Laki-laki?;['70.69']
ds0003;Zaki;angka_harapan_hidup_provinsi_indonesia;1;what is the life expectancy in 2018 for Laki-laki?;['70.52']
ds0003;Zaki;angka_harapan_hidup_provinsi_indonesia;1;Laki-laki life expectancy in 2017?;['70.5']
ds0003;Zaki;angka_harapan_hidup_provinsi_indonesia;1;Laki-laki life expectancy in 2014?;['70.17']
ds0003;Zaki;angka_harapan_hidup_provinsi_indonesia;1;Laki-laki life expectancy in 2010?;['70.03']
ds0003;Zaki;angka_harapan_hidup_provinsi_indonesia;1;since 2020 what is the life expectancy for Laki-laki in SULAWESI UTARA?;['68.51', '68.65', '68.8', '68.95', '69.03', '69.08', '69.09', '69.11', '69.33', '69.71', '69.82', '69.89', '70.16']
ds0003;Zaki;angka_harapan_hidup_provinsi_indonesia;1;what is the life expectancy in 2022 for Laki-laki?;['70.16']
ds0003;Zaki;angka_harapan_hidup_provinsi_indonesia;1;Laki-laki life expectancy in 2020?;['69.82']
ds0003;Zaki;angka_harapan_hidup_provinsi_indonesia;1;Laki-laki life expectancy in 2019?;['69.71']
ds0003;Zaki;angka_harapan_hidup_provinsi_indonesia;1;what is the life expectancy of Laki-laki in SULAWESI UTARA in 2015?;['69.08']
ds0003;Zaki;angka_harapan_hidup_provinsi_indonesia;1;what is the life expectancy of Laki-laki in SULAWESI UTARA in 2014?;['69.03']
ds0003;Zaki;angka_harapan_hidup_provinsi_indonesia;1;Laki-laki life expectancy in 2010?;['68.51']
ds0003;Zaki;angka_harapan_hidup_provinsi_indonesia;1;what is the Laki-laki life expectancy in SULAWESI TENGAH?;['64.17', '64.48', '64.8', '65.11', '65.27', '65.34', '65.39', '65.4', '65.86', '66.32', '66.77', '66.91', '66.98']
ds0003;Zaki;angka_harapan_hidup_provinsi_indonesia;1;what is the life expectancy of Laki-laki in SULAWESI TENGAH in Provinsi?;['SULAWESI TENGAH']
ds0003;Zaki;angka_harapan_hidup_provinsi_indonesia;1;what is the life expectancy of Laki-laki in SULAWESI TENGAH in 2022?;['66.98']
ds0003;Zaki;angka_harapan_hidup_provinsi_indonesia;1;what is the life expectancy of Laki-laki in SULAWESI TENGAH in 2019?;['66.32']
ds0003;Zaki;angka_harapan_hidup_provinsi_indonesia;1;what is the life expectancy of Laki-laki in SULAWESI TENGAH in 2017?;['65.4']
ds0003;Zaki;angka_harapan_hidup_provinsi_indonesia;1;Laki-laki life expectancy in 2013?;['65.11']
ds0003;Zaki;angka_harapan_hidup_provinsi_indonesia;1;Laki-laki life expectancy in 2012?;['64.8']
ds0003;Zaki;angka_harapan_hidup_provinsi_indonesia;1;what is the Laki-laki life expectancy in SULAWESI SELATAN?;['67.01', '67.2', '67.4', '67.59', '67.69', '67.89', '67.94', '67.96', '68.2', '68.54', '68.68', '68.77', '69.03']
ds0003;Zaki;angka_harapan_hidup_provinsi_indonesia;1;what is the life expectancy in Provinsi for Laki-laki?;['SULAWESI SELATAN']
ds0003;Zaki;angka_harapan_hidup_provinsi_indonesia;1;Laki-laki life expectancy in 2022?;['69.03']
ds0003;Zaki;angka_harapan_hidup_provinsi_indonesia;1;what is the life expectancy in 2021 for Laki-laki?;['68.77']
ds0003;Zaki;angka_harapan_hidup_provinsi_indonesia;1;what is the life expectancy in 2019 for Laki-laki?;['68.54']
ds0003;Zaki;angka_harapan_hidup_provinsi_indonesia;1;what is the life expectancy in 2018 for Laki-laki?;['68.2']
ds0003;Zaki;angka_harapan_hidup_provinsi_indonesia;1;Laki-laki life expectancy in 2016?;['67.94']
ds0003;Zaki;angka_harapan_hidup_provinsi_indonesia;1;what is the life expectancy in 2011 for Laki-laki?;['67.2']
ds0003;Zaki;angka_harapan_hidup_provinsi_indonesia;1;what is the Laki-laki life expectancy in SULAWESI TENGGARA?;['67.72', '67.93', '68.14', '68.35', '68.45', '68.5', '68.54', '68.57', '68.83', '69.2', '69.31', '69.35', '69.44']
ds0003;Zaki;angka_harapan_hidup_provinsi_indonesia;1;Laki-laki life expectancy in Provinsi?;['SULAWESI TENGGARA']
ds0003;Zaki;angka_harapan_hidup_provinsi_indonesia;1;what is the life expectancy in 2016 for Laki-laki?;['68.54']
ds0003;Zaki;angka_harapan_hidup_provinsi_indonesia;1;what is the life expectancy of Laki-laki in SULAWESI TENGGARA in 2014?;['68.45']
ds0003;Zaki;angka_harapan_hidup_provinsi_indonesia;1;what is the life expectancy in 2013 for Laki-laki?;['68.35']
ds0003;Zaki;angka_harapan_hidup_provinsi_indonesia;1;Laki-laki life expectancy in 2012?;['68.14']
ds0003;Zaki;angka_harapan_hidup_provinsi_indonesia;1;what is the life expectancy in 2011 for Laki-laki?;['67.93']
ds0003;Zaki;angka_harapan_hidup_provinsi_indonesia;1;what is the life expectancy in 2010 for Laki-laki?;['67.72']
ds0003;Zaki;angka_harapan_hidup_provinsi_indonesia;1;since 2020 what is the life expectancy for Laki-laki in GORONTALO?;['64.51', '64.68', '64.84', '65.0', '65.08', '65.2', '65.21', '65.22', '65.51', '66.01', '66.14', '66.27', '66.56']
ds0003;Zaki;angka_harapan_hidup_provinsi_indonesia;1;Laki-laki life expectancy in 2021?;['66.27']
ds0003;Zaki;angka_harapan_hidup_provinsi_indonesia;1;what is the life expectancy of Laki-laki in GORONTALO in 2018?;['65.51']
ds0003;Zaki;angka_harapan_hidup_provinsi_indonesia;1;Laki-laki life expectancy in 2017?;['65.22']
ds0003;Zaki;angka_harapan_hidup_provinsi_indonesia;1;Laki-laki life expectancy in 2015?;['65.2']
ds0003;Zaki;angka_harapan_hidup_provinsi_indonesia;1;what is the life expectancy in 2012 for Laki-laki?;['64.84']
ds0003;Zaki;angka_harapan_hidup_provinsi_indonesia;1;Laki-laki life expectancy in 2010?;['64.51']
ds0003;Zaki;angka_harapan_hidup_provinsi_indonesia;1;since 2020 what is the life expectancy for Laki-laki in SULAWESI BARAT?;['60.64', '60.92', '61.18', '61.46', '62.18', '62.36', '62.49', '62.52', '62.76', '62.96', '63.2', '63.39', '63.74']
ds0003;Zaki;angka_harapan_hidup_provinsi_indonesia;1;what is the life expectancy of Laki-laki in SULAWESI BARAT in Provinsi?;['SULAWESI BARAT']
ds0003;Zaki;angka_harapan_hidup_provinsi_indonesia;1;what is the life expectancy of Laki-laki in SULAWESI BARAT in 2021?;['63.39']
ds0003;Zaki;angka_harapan_hidup_provinsi_indonesia;1;Laki-laki life expectancy in 2019?;['62.96']
ds0003;Zaki;angka_harapan_hidup_provinsi_indonesia;1;what is the life expectancy in 2016 for Laki-laki?;['62.49']
ds0003;Zaki;angka_harapan_hidup_provinsi_indonesia;1;what is the life expectancy in 2011 for Laki-laki?;['60.92']
ds0003;Zaki;angka_harapan_hidup_provinsi_indonesia;1;Laki-laki life expectancy in 2010?;['60.64']
ds0003;Zaki;angka_harapan_hidup_provinsi_indonesia;1;what is the Laki-laki life expectancy in MALUKU?;['62.59', '62.74', '62.9', '63.04', '63.11', '63.41', '63.44', '63.49', '63.68', '63.95', '64.12', '64.23', '64.53']
ds0003;Zaki;angka_harapan_hidup_provinsi_indonesia;1;what is the life expectancy of Laki-laki in MALUKU in 2021?;['64.23']
ds0003;Zaki;angka_harapan_hidup_provinsi_indonesia;1;Laki-laki life expectancy in 2019?;['63.95']
ds0003;Zaki;angka_harapan_hidup_provinsi_indonesia;1;what is the life expectancy in 2018 for Laki-laki?;['63.68']
ds0003;Zaki;angka_harapan_hidup_provinsi_indonesia;1;Laki-laki life expectancy in 2014?;['63.11']
ds0003;Zaki;angka_harapan_hidup_provinsi_indonesia;1;Laki-laki life expectancy in 2012?;['62.9']
ds0003;Zaki;angka_harapan_hidup_provinsi_indonesia;1;what is the life expectancy in 2011 for Laki-laki?;['62.74']
ds0003;Zaki;angka_harapan_hidup_provinsi_indonesia;1;what is the life expectancy in 2010 for Laki-laki?;['62.59']
ds0003;Zaki;angka_harapan_hidup_provinsi_indonesia;1;from 2020 what is the expected life of Laki-laki in MALUKU UTARA?;['64.8', '64.97', '65.12', '65.31', '65.41', '65.5', '65.53', '65.56', '65.82', '66.25', '66.43', '66.55', '66.84']
ds0003;Zaki;angka_harapan_hidup_provinsi_indonesia;1;what is the life expectancy in 2021 for Laki-laki?;['66.55']
ds0003;Zaki;angka_harapan_hidup_provinsi_indonesia;1;what is the life expectancy in 2020 for Laki-laki?;['66.43']
ds0003;Zaki;angka_harapan_hidup_provinsi_indonesia;1;what is the life expectancy of Laki-laki in MALUKU UTARA in 2019?;['66.25']
ds0003;Zaki;angka_harapan_hidup_provinsi_indonesia;1;Laki-laki life expectancy in 2015?;['65.5']
ds0003;Zaki;angka_harapan_hidup_provinsi_indonesia;1;Laki-laki life expectancy in 2013?;['65.31']
ds0003;Zaki;angka_harapan_hidup_provinsi_indonesia;1;what is the life expectancy in 2011 for Laki-laki?;['64.97']
ds0003;Zaki;angka_harapan_hidup_provinsi_indonesia;1;what is the Laki-laki life expectancy in PAPUA BARAT?;['62.7', '62.88', '63.0', '63.17', '63.26', '63.31', '63.32', '63.34', '63.57', '64.01', '64.2', '64.33', '64.54']
ds0003;Zaki;angka_harapan_hidup_provinsi_indonesia;1;Laki-laki life expectancy in Provinsi?;['PAPUA BARAT']
ds0003;Zaki;angka_harapan_hidup_provinsi_indonesia;1;what is the life expectancy in 2020 for Laki-laki?;['64.2']
ds0003;Zaki;angka_harapan_hidup_provinsi_indonesia;1;what is the life expectancy in 2019 for Laki-laki?;['64.01']
ds0003;Zaki;angka_harapan_hidup_provinsi_indonesia;1;what is the life expectancy of Laki-laki in PAPUA BARAT in 2018?;['63.57']
ds0003;Zaki;angka_harapan_hidup_provinsi_indonesia;1;what is the life expectancy of Laki-laki in PAPUA BARAT in 2017?;['63.34']
ds0003;Zaki;angka_harapan_hidup_provinsi_indonesia;1;what is the life expectancy in 2014 for Laki-laki?;['63.26']
ds0003;Zaki;angka_harapan_hidup_provinsi_indonesia;1;what is the life expectancy of Laki-laki in PAPUA BARAT in 2011?;['62.88']
ds0003;Zaki;angka_harapan_hidup_provinsi_indonesia;1;what is the life expectancy of Laki-laki living in PAPUA since 2020?;['62.51', '62.66', '62.81', '62.97', '63.05', '63.3', '63.44', '63.45', '63.67', '63.87', '64.02', '64.15', '64.34']
ds0003;Zaki;angka_harapan_hidup_provinsi_indonesia;1;what is the life expectancy in Provinsi for Laki-laki?;['PAPUA']
ds0003;Zaki;angka_harapan_hidup_provinsi_indonesia;1;what is the life expectancy of Laki-laki in PAPUA in 2021?;['64.15']
ds0003;Zaki;angka_harapan_hidup_provinsi_indonesia;1;Laki-laki life expectancy in 2019?;['63.87']
ds0003;Zaki;angka_harapan_hidup_provinsi_indonesia;1;what is the life expectancy of Laki-laki in PAPUA in 2013?;['62.97']
ds0003;Zaki;angka_harapan_hidup_provinsi_indonesia;1;Laki-laki life expectancy in 2012?;['62.81']
ds0003;Zaki;angka_harapan_hidup_provinsi_indonesia;1;what is the Laki-laki life expectancy in INDONESIA?;['67.89', '68.09', '68.29', '68.49', '68.87', '68.93', '69.09', '69.16', '69.3', '69.44', '69.59', '69.67', '69.93']
ds0003;Zaki;angka_harapan_hidup_provinsi_indonesia;1;Laki-laki life expectancy in Provinsi?;['INDONESIA']
ds0003;Zaki;angka_harapan_hidup_provinsi_indonesia;1;what is the life expectancy of Laki-laki in INDONESIA in 2022?;['69.93']
ds0003;Zaki;angka_harapan_hidup_provinsi_indonesia;1;what is the life expectancy in 2014 for Laki-laki?;['68.87']
ds0003;Zaki;angka_harapan_hidup_provinsi_indonesia;1;what is the life expectancy of Laki-laki in INDONESIA in 2012?;['68.29']
ds0003;Zaki;angka_harapan_hidup_provinsi_indonesia;1;what is the life expectancy in 2011 for Laki-laki?;['68.09']
ds0003;Zaki;angka_harapan_hidup_provinsi_indonesia;1;what is the life expectancy in 2010 for Laki-laki?;['67.89']
